Timestamp,Flow_ID,Prediction,Action
2026-02-25 18:07:30,271888,Attack,Blocked
2026-02-25 18:07:31,308885,Attack,Blocked
2026-02-25 18:07:32,7684,Attack,Blocked
2026-02-25 18:07:33,344633,Attack,Blocked
2026-02-25 18:07:34,107425,Attack,Blocked
2026-02-25 18:07:35,337358,Attack,Blocked
2026-02-25 18:07:36,182866,Attack,Blocked
2026-02-25 18:07:37,263154,Attack,Blocked
2026-02-25 18:07:39,250326,Attack,Blocked
2026-02-25 18:07:43,69012,Attack,Blocked
2026-02-25 18:07:44,361216,Attack,Blocked
2026-02-25 18:07:45,99022,Attack,Blocked
2026-02-25 18:07:45,349019,Attack,Blocked
2026-02-25 18:07:46,137096,Attack,Blocked
2026-02-25 18:07:47,282795,Attack,Blocked
2026-02-25 18:07:48,252850,Attack,Blocked
2026-02-25 18:07:49,76723,Attack,Blocked
2026-02-25 18:07:49,107421,Attack,Blocked
2026-02-25 18:07:53,171445,Attack,Blocked
2026-02-25 18:08:33,106567,Attack,Blocked
2026-02-25 18:08:39,247795,Attack,Blocked
2026-02-25 18:08:41,92596,Attack,Blocked
2026-02-25 18:08:41,169755,Attack,Blocked
2026-02-25 18:08:42,274075,Attack,Blocked
2026-02-25 18:08:44,371456,Attack,Blocked
2026-02-25 18:08:44,175590,Attack,Blocked
2026-02-25 18:08:45,4420,Attack,Blocked
2026-02-25 18:08:47,221823,Attack,Blocked
2026-02-25 18:08:48,215795,Attack,Blocked
2026-02-25 18:08:49,321403,Attack,Blocked
2026-02-25 18:08:50,48550,Attack,Blocked
2026-02-25 18:08:50,333631,Attack,Blocked
2026-02-25 18:08:53,249424,Attack,Blocked
2026-02-25 18:08:54,323500,Attack,Blocked
2026-02-25 18:08:56,1898,Attack,Blocked
2026-02-25 18:08:56,309801,Attack,Blocked
2026-02-25 18:08:57,300395,Attack,Blocked
2026-02-25 18:08:58,268322,Attack,Blocked
2026-02-25 18:08:58,165994,Attack,Blocked
2026-02-25 18:09:00,222160,Attack,Blocked
2026-02-25 18:09:01,189497,Attack,Blocked
2026-02-25 19:52:31,0,Attack,Blocked
2026-02-25 19:52:51,0,Attack,Blocked
2026-02-25 19:53:06,0,Attack,Blocked
2026-02-25 19:53:36,0,Attack,Blocked
2026-02-25 19:53:46,0,Attack,Blocked
2026-02-25 19:53:51,0,Attack,Blocked
2026-02-25 19:53:56,0,Attack,Blocked
2026-02-25 19:54:16,0,Attack,Blocked
2026-02-25 19:54:21,0,Attack,Blocked
2026-02-25 19:54:26,0,Attack,Blocked
2026-02-25 19:54:46,0,Attack,Blocked
2026-02-25 19:54:51,0,Attack,Blocked
2026-02-25 19:55:16,0,Attack,Blocked
2026-02-25 19:57:39,0,Attack,Blocked
2026-02-25 19:57:41,0,Attack,Blocked
2026-02-25 19:57:52,0,Attack,Blocked
2026-02-25 19:57:56,0,Attack,Blocked
2026-02-25 19:58:04,0,Attack,Blocked
2026-02-25 19:58:08,0,Attack,Blocked
2026-02-25 19:58:11,0,Attack,Blocked
2026-02-25 19:58:13,0,Attack,Blocked
2026-02-25 19:58:15,0,Attack,Blocked
2026-02-25 19:58:25,0,Attack,Blocked
2026-02-25 19:58:27,0,Attack,Blocked
2026-02-25 19:58:29,0,Attack,Blocked
2026-02-25 19:58:35,0,Attack,Blocked
2026-02-25 19:58:37,0,Attack,Blocked
2026-02-25 19:58:39,0,Attack,Blocked
2026-02-25 19:58:41,0,Attack,Blocked
2026-02-25 19:58:43,0,Attack,Blocked
2026-02-25 19:58:45,0,Attack,Blocked
2026-02-25 19:58:48,0,Attack,Blocked
2026-02-25 19:58:50,0,Attack,Blocked
2026-02-25 19:58:54,0,Attack,Blocked
2026-02-25 19:58:58,0,Attack,Blocked
2026-02-25 19:59:06,0,Attack,Blocked
2026-02-25 19:59:10,0,Attack,Blocked
2026-02-25 19:59:20,0,Attack,Blocked
2026-02-25 19:59:24,0,Attack,Blocked
2026-02-25 19:59:26,0,Attack,Blocked
2026-02-25 19:59:28,0,Attack,Blocked
2026-02-25 19:59:32,0,Attack,Blocked
2026-02-25 19:59:36,0,Attack,Blocked
2026-02-25 19:59:47,0,Attack,Blocked
2026-02-25 19:59:49,0,Attack,Blocked
2026-02-25 19:59:51,0,Attack,Blocked
2026-02-25 19:59:55,0,Attack,Blocked
2026-02-25 20:00:03,0,Attack,Blocked
2026-02-25 20:00:11,0,Attack,Blocked
2026-02-25 20:00:13,0,Attack,Blocked
